<?xml version="1.0" encoding="UTF-8"?>
<project-private xmlns="http://www.netbeans.org/ns/project-private/1">
    <editor-bookmarks xmlns="http://www.netbeans.org/ns/editor-bookmarks/2" lastBookmarkId="0"/>
    <open-files xmlns="http://www.netbeans.org/ns/projectui-open-files/2">
        <group>
            <file>file:/D:/Cranfield%20work/Advanced%20JAVA/AssignmentJavaProject/src/assignmentjavaproject/ResultDataAccessor.java</file>
            <file>file:/D:/Cranfield%20work/Advanced%20JAVA/AssignmentJavaProject/src/assignmentjavaproject/Recording.java</file>
            <file>file:/D:/Cranfield%20work/Advanced%20JAVA/AssignmentJavaProject/src/assignmentjavaproject/DataAccessor.java</file>
            <file>file:/D:/Cranfield%20work/Advanced%20JAVA/AssignmentJavaProject/src/assignmentjavaproject/Matrix.java</file>
            <file>file:/D:/Cranfield%20work/Advanced%20JAVA/AssignmentJavaProject/src/assignmentjavaproject/AssignmentJavaProject.java</file>
            <file>file:/D:/Cranfield%20work/Advanced%20JAVA/AssignmentJavaProject/src/assignmentjavaproject/ApplicationPanel.java</file>
            <file>file:/D:/Cranfield%20work/Advanced%20JAVA/AssignmentJavaProject/src/assignmentjavaproject/MainFrame.java</file>
        </group>
    </open-files>
</project-private>
